{"train/box_loss": 0.92698, "train/cls_loss": 0.44974, "train/dfl_loss": 0.99564, "_timestamp": 1722845112.6565492, "lr/pg0": 0.0010343735, "lr/pg1": 0.0010343735, "lr/pg2": 0.0010343735, "metrics/precision(B)": 0.97222, "metrics/recall(B)": 0.9262, "metrics/mAP50(B)": 0.95938, "metrics/mAP50-95(B)": 0.69034, "val/box_loss": 0.91776, "val/cls_loss": 0.40091, "val/dfl_loss": 0.98033, "labels": {"_type": "image-file", "sha256": "dc29ab3034505f2bb8dcb8d9a02f523bb6a06fa06ab374b777eec8eb317463f6", "size": 143648, "path": "media/images/labels_1_dc29ab3034505f2bb8dc.jpg", "format": "jpg", "width": 1600, "height": 1600}, "train_batch0": {"_type": "image-file", "sha256": "a241726c4355b4b86e8671fd7ecdd74a9365acda5c179c79cc745f9118abe99a", "size": 599671, "path": "media/images/train_batch0_1_a241726c4355b4b86e86.jpg", "format": "jpg", "width": 1920, "height": 1920}, "train_batch1": {"_type": "image-file", "sha256": "85c2a4e89d8bbd9e53e7acdcb51a0e75e09debceedaf00e4cfbef30edea1b97f", "size": 546740, "path": "media/images/train_batch1_1_85c2a4e89d8bbd9e53e7.jpg", "format": "jpg", "width": 1920, "height": 1920}, "train_batch2": {"_type": "image-file", "sha256": "763af3e6bca268792a6ae57fc9643e548668025793a1e01a12c72ea41e8c8087", "size": 499539, "path": "media/images/train_batch2_1_763af3e6bca268792a6a.jpg", "format": "jpg", "width": 1920, "height": 1920}, "model/parameters": 3011238, "model/GFLOPs": 0.0, "model/speed_PyTorch(ms)": 0.654, "_runtime": 929.3625211715698, "_step": 25, "_wandb": {"runtime": 951}}